,author_id,id,text
0,1389675288255205378,1454461866906894339,"bull $TPT price is cheap. buy cheap.
Sign up for #Gateio. 40% discount

https://t.co/HVLpBwzYj3

#BabyDogeArmy  #Metaverse #paribu #btcturk #MEXCGlobal  #SHIBARMY  #BabyDogeArmy  #FEG  #fegtoken  #Binance  #BinanceSmartChain  #BNB  #token #bitexen #DogecoinToTheMoon 
#DogeZilla"
1,1448338535342231553,1454461853929639943,"@CryptoGodJohn I'm definitely not underexposed. I have $100's invested thousands in $SOUL because @PhantasmaChain is perfect for the #Metaverse. #Phantasma is a #layer1 #blockchain with built-in #SmartNFT #technology perfect for #NFTGames and #BlockchainGaming. 

https://t.co/VqeYl1lsT6"
2,1441702148257955843,1454461843993292804,"ILOVE #Elemongame Partner #Corsair
#GameNft #PlayToEarn #Top10MVB 
#BinanceSmartChain
#Metaverse https://t.co/Zlt5J1o6RF"
3,1440648481970950152,1454461830772899843,"‚úÖ10 members will get $50 #SAPCE token randomly
#metaverse #PRESALE  #GameFi #NFT #PlayToEarn #P2E
@thienphan99 @TuanPhamHong1 @hongnguyen262 https://t.co/JjZw65FcJa"
4,44817501,1454461819372724238,@BarrySilbert And if you wanna know abt #metaverse in a beginner friendly way...read this thread! @BarrySilbert https://t.co/qBFeDExeQj
5,1441702148257955843,1454461817120460802,"ILOVE #Elemongame Partner #Corsair
#GameNft #PlayToEarn #Top10MVB 
#BinanceSmartChain
#Metaverse https://t.co/Z5kfo1N15h"
6,1430501884192858112,1454461799210930182,"I don't understand why you don't want this oneüò≠ Make me an offer or I'll cry üòÇ

https://t.co/UVwe2EUtPm

#blok #Metaverse #Meta #NFTs #nftcollector #crypto #art #Abstract #NFTCommunity @opensea #eth #digitalart #doge #SHIB #SAFEMOON"
7,902694196150013952,1454461796761309186,"Veve will enter the #Metaverse playground.

#Veve #OMI token https://t.co/zXXIumOS2B"
8,1428821,1454461786531434511,"@tnatw The #Metaverse is already here, in parts. Here's a dress I made in @CLO_virtual on sale in the virtual world of @SansarOfficial https://t.co/Q9YACQuLvJ"
9,1441702148257955843,1454461785008795648,"ILOVE #Elemongame Partner #Corsair
#GameNft #PlayToEarn #Top10MVB 
#BinanceSmartChain
#Metaverse https://t.co/uOgg5dv4JG"
10,1450099531144642564,1454461783457026054,"They want to take away your substantial values through inflation, taxation‚Ä¶ giving illusional digital stuff back to you with #Metaverse 

Don‚Äôt fall for that."
11,461910412,1454461780181196802,I second that motion @Web3Capitalist It. Is. Time. üöÄ $btc $eth $grt $link $matic $vet $FEAR $rad $Muon #Metaverse https://t.co/DLnLffitWj
12,1388502279238537219,1454461774737002496,"@MetaSpatial_io Good project long-term vision 
I'm whiting airdrop but not selling 300days
I'm promising 
@elonmusk 
@TheMoonCarl 
@JacobCanfield 
......
#SPAT  #Metaspatial #Metaverse  #NFTs"
13,1035791954,1454461756068139009,The metaverse cryptos are exploding since Facebook announced meta. There‚Äôs like 10-15 different cryptos in the space and I couldn‚Äôt decide‚Ä¶ soooo I bought all of them. Not even kidding. Spray and pray. See what sticks. No missing out on any one opportunity. Let‚Äôs go. #Metaverse https://t.co/MDRMyIC65u
14,1376910020575600649,1454461742369554434,"How's the Metaweather today ?
#meta #Metaverse #NFTCommunity"
15,1345102860732788740,1454461737269403654,"Keep an eye on @acknoledger üëÄ

They are working on infrastructures and tools to map, monetize and distribute assets within #Metaverse and #blockchaingaming. 

Connecting the future basically.

It's at 20x from the Seedify IGO.
https://t.co/iSfkcKqE3T

See you in the metaverse!üöÄ https://t.co/he6X8BjZZn"
16,1389675288255205378,1454461732387237889,"bull $SAMO price is cheap. buy cheap.
Sign up for #Gateio. 40% discount

https://t.co/HVLpBwzYj3

#BabyDogeArmy  #Metaverse #paribu #btcturk #MEXCGlobal  #SHIBARMY  #BabyDogeArmy  #FEG  #fegtoken  #Binance  #BinanceSmartChain  #BNB  #token #bitexen #DogecoinToTheMoon 
#DogeZilla"
17,161806416,1454461729182732296,"@NFT_Globall 

$NFTG team,
Along with #NFT ‚Äòs work on #Metaverse as well..
#Metaverse is future!!!"
18,1441702148257955843,1454461724589912073,"ILOVE #Elemongame Partner #Corsair
#GameNft #PlayToEarn #Top10MVB 
#BinanceSmartChain
#Metaverse https://t.co/SEx5T7GgaS"
19,1293614926582427650,1454461708408442883,"Thanks @Tryhardsio and @kidsonthebchain for the shout out!  Pleasure working with such an amazing team!  Lets Gooooooo!!!! üöÄüöÄüöÄ

#Meta #Metaverse #NFT #PlayToEarn #duckdao https://t.co/7TelWIjCCf"
20,1440648481970950152,1454461690670575618,"‚úÖ10 members will get $50 #SAPCE token randomly
#metaverse #PRESALE  #GameFi #NFT #PlayToEarn #P2E https://t.co/JjZw65FcJa"
21,1371722351117692933,1454461686769930242,"@MetaSpatial_io This is definity going to be HUGE! as the team has been an inspiration in their innovative approaches towards achieving the project goals and visions RocketRocketRocket
@pooja
@bumsir1
@Pathan39070150

#SPAT #MetaSpatial #Metaverse #NFTs"
22,1441702148257955843,1454461668189097987,"ILOVE #Elemongame Partner #Corsair
#GameNft #PlayToEarn #Top10MVB 
#BinanceSmartChain
#Metaverse https://t.co/CB9WSQom5t"
23,1363079620501905408,1454461667169931264,"So $MANA is pumping hard after Facebook's Meta announcement ü§î Guess people are not aware that @veve_official is building a #Metaverse and they have @Disney @Marvel and 100+ other IP Brands on board plus a mobile app with +500k users, all powered by the $OMI token. ü§∑üèª‚Äç‚ôÄÔ∏èüî•‚≠ïüöÄ"
24,182345249,1454461653320404999,"Who' ready to dance and join the #Bezoge Party - #NFTs #Gamers #Metaverse - this is one #cryptocurrencies #blockchain #PlayToEarn  you wanna get yourself involved in - join us https://t.co/2QMukvB6VO - ""#LegendsofBezogia will be Born"" https://t.co/IEvGXsTe2k"
25,1441702148257955843,1454461643325202439,"ILOVE #Elemongame Partner #Corsair
#GameNft #PlayToEarn #Top10MVB 
#BinanceSmartChain
#Metaverse https://t.co/QM9EgMUBAv"
26,38253942,1454461638627708933,"$AXS, GET READY! 
#AxieInfinity #cryptocurrencies #Metaverse #NFTCommmunity #blockchain https://t.co/K07NKTYtV0"
27,1264768226124169216,1454461632344510480,@RealMoonCapital Announces the Establishment of #Metaverse Ecological Fund https://t.co/6KzRZgEz5S
28,1441702148257955843,1454461620319494148,"ILOVE #Elemongame Partner #Corsair
#GameNft #PlayToEarn #Top10MVB 
#BinanceSmartChain
#Metaverse https://t.co/ptZy3b6sfa"
29,1288331148943224832,1454461618738196480,"Good luck team! I believe this is a faithful project.The projector has a lot of attractions so hopefully the project will be better in the future.
@FazleRa07046330
@masumma41
@AhanafHa   0x58C72b6169558206Bd8df74B987aD06262f2971A
#metaverse #PRESALE  #GameFi #NFT #PlayToEarn #P2E https://t.co/cMc3TxyKZF"
30,1366401285759631360,1454461615949156363,"@Solar_Fish @elonmusk @WholeMarsBlog @staratlas @PippiWestwood @Maiarpunks @ElrondLionsClub @cessmestreet @ElrondWarriors @ElrondWorld @CryptoRingsNFT @humansdotai @Gnogen @austinbarnard45 @Kristennetten @flcnhvy @binance @krakenfx @verasitytech @beeple @Bitcoin @cryptocom Crowd's are owned by Facebook in this matter, #blockchain, #decentralization and #Metaverse are unknown terms for the masses.
It's our duty to educate people about, Crypto ascension will help as well.
@ElrondNetwork $EGLD #DeFi #DeX https://t.co/LrAujYW3lg"
31,1142106127254994944,1454461606667042821,"Thanks for giving us such a great opportunity. I am enthusiastic about participating in this and also supporting it.
always success for the development Fire go to the moon üî•üöÄ
#SPAT #MetaSpatial #Metaverse #NFTs

@Abibasnet4
 @Govv51890095
 @Veer68429301 https://t.co/dCfyHPKL2u"
32,1602913392,1454461603504603153,It‚Äôs a very sci-fi conversation today but I believe #Metaverse is coming and will disrupt ‚Äúour‚Äù world of #geopolitics analysts even more than social media did! 8/8 https://t.co/QGpiVGNU12
33,1441702148257955843,1454461586848960517,"ILOVE #Elemongame Partner #Corsair
#GameNft #PlayToEarn #Top10MVB 
#BinanceSmartChain
#Metaverse https://t.co/5khwPl3M0r"
34,1434208973616386054,1454461579903135746,"#Airdrop #GameFi #NFT #PlayToEarn #Metaverse
This is a good Project, Made by a very professional and experienced team. Without a doubt, this is one of the best projects. Join Now You will achieve success in the future.
@KimberlyGBird1  @GabriJutta  @AshisGupte https://t.co/mIbeDvC9O6"
35,1325996362756972545,1454461559481290759,"@CGTNOfficial Coalüá®üá≥stories #G20roma #COP26
üéûÔ∏èhttps://t.co/OuG0bhRdM1
@serpentza @laowhy86
üè¥‚Äç‚ò†Ô∏èhttps://t.co/SXk85XIj2U #halloween2021
#COP26Glasgow #climate #ClimateEmergency #Metaverse #Halloween #CoalShortage #auspol #BuildBackBetter #Chine #EUGreenDeal #HealthyLiving #NoPlanetB #AccordDeParis https://t.co/9MwFr68ptl"
36,1441702148257955843,1454461547829293056,"ILOVE #Elemongame Partner #Corsair
#GameNft #PlayToEarn #Top10MVB 
#BinanceSmartChain
#Metaverse https://t.co/q6hvYG4N9V"
37,1453350276081934337,1454461521606549505,"@hienla14 @Duy31882630 @danhhuuduy3006 @WolfDog_CSW @provip20
This is a very quality.I have been followed this project for a while. That's Amazing!
#Metaverse #CryptoPlanes #CryptoCars #MVBIII $CPAN $CCAR https://t.co/OQWcatiA9e"
38,1395642379407806468,1454461520541143044,"@metastarter prime goal to take promising NFT projects to new height 

#MetaStarter #Metaverse #meta #IGO #IMO https://t.co/PGBUQc42s2"
39,1441702148257955843,1454461518267834370,"ILOVE #Elemongame Partner #Corsair
#GameNft #PlayToEarn #Top10MVB 
#BinanceSmartChain
#Metaverse https://t.co/20MARInwZj"
40,1445159670440554498,1454461505840160773,"#MetaMask should be all mad üòÇ Come on Zuck, you could have done better. #DeleteFacebook #FacebookMeta #Metaverse #Facebooknewname #Decentraland #NFTCommmunity https://t.co/eeBrKg8N1X"
41,1311914729078652928,1454461495962636290,@LeaksBlockchain What about Mars4 bro ? @mars4_me #metaverse
42,1383810918073528320,1454461494842773522,"@GunHunterNFT Wonderful promising project. The project is implemented very professionally and has a clear development plan.

@rafly_raswan
@mhmmdzulfadli25
@mhmmdhelmya
 
#GunHunterNFT #PlayToEarn #GHT #P2E #metaverse #PVP"
43,1441702148257955843,1454461494435860489,"ILOVE #Elemongame Partner #Corsair
#GameNft #PlayToEarn #Top10MVB 
#BinanceSmartChain
#Metaverse https://t.co/kAervr0MGw"
44,588572283,1454461466115981317,"The #Metaverse is coming fast. Are you ready?

#Meta #FB #VirtualReality #crypto #NFT #NFTs #NFTCollector #NFTNews #nftcommunity #cryptonft #nftcollector https://t.co/jDvE9jWzh7"
45,1441702148257955843,1454461463712591879,"ILOVE #Elemongame Partner #Corsair
#GameNft #PlayToEarn #Top10MVB 
#BinanceSmartChain
#Metaverse https://t.co/XLfTtANUje"
46,39001355,1454461449892364289,"#Metaverse #GameFi Top Metaverse Projects by market cap
https://t.co/gbi20EtolI"
47,1156775287129927680,1454461447027576840,"@BillKristol Yes, and your info is being sold to analytics /marketing firms so they can further market to you exactly what you want. Now that‚Äôs META. #Metaverse #FacebookMeta"
48,1376956987343245314,1454461443789803520,"Got my @SVSNFT Hoodie in @decentraland, thank u very much @StanryT 
#SVS  #NFT #Metaverse #Decentraland https://t.co/9Yq7O5xXMM https://t.co/A6OFldb7ha"
49,1441702148257955843,1454461437431074817,"ILOVE #Elemongame Partner #Corsair
#GameNft #PlayToEarn #Top10MVB 
#BinanceSmartChain
#Metaverse https://t.co/8byIy7Zxcn"
0,899937865584459776,1454461430321664007,#nft and #Metaverse going nuts.. in the midst of this I like #theta a lot ‚Ä¶
1,1179995872697864193,1454461421723402247,"While the #Avengers Are Busy Opening the Multiverse.  #Facebook Is Busy With Changing Its Name to ‚Äúmeta‚Äùverse.
.
#mintage #mintagemarkcomm #meta #fbmeta #metaverse #markzuckerbergquotes #markzuckerberg #instagram #whatsapp #trending #rebranding #socialmedia #facebookmeta https://t.co/DyHBIv0fb7"
2,1441702148257955843,1454461410944045057,"ILOVE #Elemongame Partner #Corsair
#GameNft #PlayToEarn #Top10MVB 
#BinanceSmartChain
#Metaverse https://t.co/PYoAOWyPYj"
3,1266225985189339136,1454461408859475975,"TOTAL

MADNESS

I Fucking Really dnt understand this #NFT thing ü§îü§î
Why Its So expensive
Who is Buying And Selling these s
 
Have A looK this NFT WHY SO COSTLY 
MIKO #9 #AirNft 

#catgirlcoin  #catgirl
#nft #nfts  #airnft #love #kitty 
#bitcoin #shiba #doge #meta #metaverse https://t.co/rJ0gBJ3iS6"
4,1393411418716835841,1454461378002100243,"Best and top legit project
@galaxynftgame
@HuobiGlobal
@BullsForProfit

#GunHunterNFT #PlayToEarn #GHT #P2E #metaverse #PVP https://t.co/3jYaGsceBU"
5,1389675288255205378,1454461377813352462,"bull $CHAMP price is cheap. buy cheap.
Sign up for #Gateio. 40% discount

https://t.co/HVLpBwzYj3

#BabyDogeArmy  #Metaverse #paribu #btcturk #MEXCGlobal  #SHIBARMY  #BabyDogeArmy  #FEG  #fegtoken  #Binance  #BinanceSmartChain  #BNB  #token #bitexen #DogecoinToTheMoon 
#DogeZilla"
6,1355910335933394945,1454461375963619328,"NFTs, the Metaverse, and their growing influence encourage us to think about potential future developments of the POP!üç≠platform.

article üëâ https://t.co/mkxIKLWm0Q

$POP #YieldFarming #NFT #Metaverse #cryptocurrecy https://t.co/VPGkfjg3Qu"
7,398042149,1454461367155666948,"How to tell if you're in a #Metaverse simulation or reality:
Simulated villains have goatees.
Real villains have bowl cuts or comb-overs."
8,1313045362261725185,1454461362638245889,"#SPAT #MetaSpatial #Metaverse #NFTs

Great things are coming very soon.

@elonmusk @cz_binance 
@FTX_Official  @CryptooAdy 
@CryptoTeluguO @CryptoPointHi https://t.co/yhrTcf0yp5"
9,1228358879341359104,1454461355260530697,"""If economic life tries at itself to evolve a new form, it will only propagate and intensify its old evils."" #metaverse #metahearse #spirituallydeadsociety #socialism https://t.co/LtTxm97Qfc"
10,1441702148257955843,1454461353029091334,"@intocryptoverse ILOVE #Elemongame Partner #Corsair
#GameNft #PlayToEarn #Top10MVB 
#BinanceSmartChain
#Metaverse https://t.co/PPoNJ51XTX"
11,1387637335496433667,1454461348008529922,"I believe this is a faithful project.The projector has a lot of attractions so hopefully the project will be better in the future and will be the best..ü•∞ü•∞ü•∞

@Miturs20
@rsraihan28
@Labu5122

#Metaverse #CryptoPlanes #CryptoCars #MVBIII $CPAN $CCAR https://t.co/tbpd4iO3wg"
12,1387637335496433667,1454461326890180614,"@NFTCryptoPlanes @cryptocarsgame @BinanceChain I believe this is a faithful project.The projector has a lot of attractions so hopefully the project will be better in the future and will be the best..ü•∞ü•∞ü•∞

@Miturs20
@rsraihan28
@Labu5122

#Metaverse #CryptoPlanes #CryptoCars #MVBIII $CPAN $CCAR"
13,1120098336428761089,1454461310364790787,"@NFTCryptoPlanes I hope this project can be more advanced in the future
@Strong12357 
@laurlovestolift 
@OLZNN
@Amon_victor55
@Pedro56161349 

#Cryptoplanes 
@NFTCryptoPlanes
 $CPAN #Metaverse #halloween2021 #TrickOrTreat"
14,776600485272821761,1454461299182616585,"@CoinMarketCap Very interesting!
#Metaverse is the trend, #Elemon is the trend!
@ElemonGame @CORSAIR #Corsair https://t.co/t7g7N8zCyW"
15,1393898211773923339,1454461298889138177,"Comfort corrupts the Courage to accomplish great things in life. You are bound to succeed if you are willing to bargain with future for your immediate comforts. 
#success #Metaverse #MarioPartySuperstars"
16,1389675288255205378,1454461288478908416,"bull $VEMP price is cheap. buy cheap.
Sign up for #Gateio. 40% discount

https://t.co/HVLpBwzYj3

#BabyDogeArmy  #Metaverse #paribu #btcturk #MEXCGlobal  #SHIBARMY  #BabyDogeArmy  #FEG  #fegtoken  #Binance  #BinanceSmartChain  #BNB  #token #bitexen #DogecoinToTheMoon 
#DogeZilla"
17,1441702148257955843,1454461287262404608,"@ElemonGame ILOVE #Elemongame Partner #Corsair
#GameNft #PlayToEarn #Top10MVB 
#BinanceSmartChain
#Metaverse https://t.co/Soc3Bhf7f9"
18,1428387484061388810,1454461277972074498,"@BranndonNFT üî•These soldiers have been designed by @dattoliart who has worked on huge projects with DC, Star Wars &amp; Marvel to name a few. The designs are first class &amp; u need to check these badass soldiers out https://t.co/bEfLDD0niP @MetaverseArmyüî•#meta #sotm #cod¬†#Metaverse #MetaArmy üöÄ https://t.co/pQxhrzytis"
19,1229806138784243712,1454461261270249475,"@MetaSpatial_io @imakhil_25 @Mohsin_71 @Ganesh59935097 Very good project with specific goals, a good product and a great team that will certainly achieve its goals. All the successes of the project related to their team.Go to the moonüöÄüöÄüöÄ

#SPAT #MetaSpatial #Metaverse #NFTs"
20,27299169,1454461220908568586,"We was on this #metaverse wave back in august. We bout to part 2 this joint now that y‚Äôall catching up üòÇüòÇüòÇüòÇ

 https://t.co/bRVSQE9wXE"
21,1186629185281781760,1454461202747166720,"Excellent project 
#Airdrop #GameFi #NFT #PlayToEarn #Metaverse
@ElfinaWina @KalengK32441177 @Sarahsa00829799 https://t.co/9L8sHYJ72V"
22,1395357566310432772,1454461192169213961,"#Metaverse projects have completely absorbed all of the liquidity in the #crypto market right now. Everything is red while projects like $MANA, $BLOK, &amp; $NAKA dominate. This is a trend that could continue for another week or more."
23,1441702148257955843,1454461185382707200,"@TrulsNFT ILOVE #Elemongame Partner #Corsair
#GameNft #PlayToEarn #Top10MVB 
#BinanceSmartChain
#Metaverse https://t.co/Xvax4ZgpId"
24,1382979265973477377,1454461180668379140,#metaverse #coinlab project looka good . https://t.co/mh9RkeivyC
25,1304425225556127745,1454461175576494081,"@GunHunterNFT
Specially Thanks sir
For sharing a great project   I Hope This project Future is Bright More Success &amp; Go To The Moon

@ram766799 @iampopajr @Hvr_Js 

#GunHunterNFT #PlayToEarn #GHT #P2E #metaverse #PVP https://t.co/4AkpIbWnFb"
26,1389074490785636353,1454461155695419402,"@MetaSpatial_io Excellent project ‚ò∫Ô∏è

@Sinnersin4 
@Brando67729391 
@Luiz55802308 

#SPAT #MetaSpatial #Metaverse #NFTshill"
27,1193172161067773952,1454461149987041287,#cryptocurrency #Airdrop #BSC #Bitcoin #ETH #SAPCE #SupreSpace #Metaverse good project https://t.co/KFKxoz27rz
28,1157678028358598657,1454461145990012934,"$TLM
Used to be $5.95?
200 million MC, hype around #metaverse, hasnt had a large pump in a long time.
Im degenerately longing the fuck out of this coin, bring the volume then bring me my money https://t.co/LEH1pHCbDx"
29,1389675288255205378,1454461139430088715,"bull $SHOE price is cheap. buy cheap.
Sign up for #Gateio. 40% discount

https://t.co/HVLpBwzYj3

#BabyDogeArmy  #Metaverse #paribu #btcturk #MEXCGlobal  #SHIBARMY  #BabyDogeArmy  #FEG  #fegtoken  #Binance  #BinanceSmartChain  #BNB  #token #bitexen #DogecoinToTheMoon 
#DogeZilla"
30,1094472381521936389,1454461139350339586,@technology Let‚Äôs get @jackoholleran of @SkaleNetwork $SKL on @emilychangtv for a real interview and conversation about the future of #nfts #eth #dapps #web3 #Metaverse #defi #crypto
31,1389074490785636353,1454461135046856704,"Excellent project ‚ò∫Ô∏è

@Sinnersin4 
@Brando67729391 
@Luiz55802308 

#SPAT #MetaSpatial #Metaverse #NFTshill https://t.co/CXzFttlmpv"
32,1353531216494878720,1454461119809011724,You're not ready for what happens next. #Metaverse
33,1449460459665596417,1454461106106343428,#Thanks for the support! #YooShi is popular around the whole world. #GameFi #Metaverse #Meta #NFT #HTYvBJK https://t.co/oh28EmzjOk
34,1441702148257955843,1454461090897666048,"@wolfofwallst @metasaurs ILOVE #Elemongame Partner #Corsair
#GameNft #PlayToEarn #Top10MVB 
#BinanceSmartChain
#Metaverse https://t.co/Hw1vJTM27N"
35,1294368981432885253,1454461088406384645,very strong project @Nada04742926 @MennaHa97489656 @MennaM98168140 #GunHunterNFT #GHT #Game #NFT #metaverse #BinanceSmartChain #PlayToEarn #P2E #PVP https://t.co/NrdzZHeweU
36,1378380180071178242,1454461079644368906,"Wonderful promising project. This project is implemented very professionally and has a clear development plan. Without any doubt, this is one of the best project.#SPAT #MetaSpatial #Metaverse #NFTs
@dvkhang78
@nthp2000
@Hoanpy123
@LinhNgu23912453 https://t.co/0GQXNmB5hn"
37,1389675288255205378,1454461078004457474,"bull $METAX price is cheap. buy cheap.
Sign up for #Gateio. 40% discount

https://t.co/HVLpBwzYj3

#BabyDogeArmy  #Metaverse #paribu #btcturk #MEXCGlobal  #SHIBARMY  #BabyDogeArmy  #FEG  #fegtoken  #Binance  #BinanceSmartChain  #BNB  #token #bitexen #DogecoinToTheMoon 
#DogeZilla"
38,4874703602,1454461072786685955,"@MetaSpatial_io Great project in future nice project 
 #SPAT #MetaSpatial #Metaverse #NFTs"
39,1445751721611956224,1454461042344538121,"I totally missed $MANA, up almost 300% so far in 3 days! üî• #Metaverse is the trend rn, don't fight against it
#NFTs #cryptocurrencies https://t.co/nvSTO0CxtC"
40,1087459629456596992,1454461014578188293,"Good Project Very Nice
@nasirhomna3 
@MdMasud53443695 
@homna_mediya 

#SPAT #MetaSpatial #Metaverse #NFTs https://t.co/LbkQJwD27B"
41,1441702148257955843,1454461010505396227,"@TheCryptoLark ILOVE #Elemongame Partner #Corsair
#GameNft #PlayToEarn #Top10MVB 
#BinanceSmartChain
#Metaverse https://t.co/JGESkhLAEy"
42,1389675288255205378,1454461007376625669,"bull $MANA price is cheap. buy cheap.
Sign up for #Gateio. 40% discount

https://t.co/HVLpBwzYj3

#BabyDogeArmy  #Metaverse #paribu #btcturk #MEXCGlobal  #SHIBARMY  #BabyDogeArmy  #FEG  #fegtoken  #Binance  #BinanceSmartChain  #BNB  #token #bitexen #DogecoinToTheMoon 
#DogeZilla"
43,1441733893594370048,1454461003069022208,"Be aware that this is A DETOX TEA. And weight loss plus a flat tummy comes with the benefits.

üì≤ +27 (65) 977 2593
üîó https://t.co/6OhWQL25Js
üì¶ Shipping is Available

#ÿß #ad #lydz_andhealth #halloween2021 #Metaverse #YumisCellsEp14 #RunningWithTumiSole #aespa https://t.co/JZfVwRtoq4"
44,1414202287681990667,1454460966620450821,"@news_of_bsc @DeRaceNFT @yooshi_official @binary_x @HeroFiio @SnowCrashDAO, a rare and good #MetaVerse and #GameFi project, if you have read the official doc. $Nora #MetaVoxel #DeFi #Gamefi #BSCGems #Binance¬†¬†¬† #BscProject
https://t.co/9hBwDflPvS"
45,1448506699611099139,1454460963487318019,"@bloktopia
 New ATH Again üî•üî•

IGO Price: $0.00025
Now $0.075
300X from IGO Price üöÄüî•

Metaverse next Future with $BLOK 

@kucoincom
 #Metaverse #Bloktopia #BLOK #DreamboatCapital"
46,1389675288255205378,1454460941790220290,"bull $FAST price is cheap. buy cheap.
Sign up for #Gateio. 40% discount

https://t.co/HVLpBwzYj3

#BabyDogeArmy  #Metaverse #paribu #btcturk #MEXCGlobal  #SHIBARMY  #BabyDogeArmy  #FEG  #fegtoken  #Binance  #BinanceSmartChain  #BNB  #token #bitexen #DogecoinToTheMoon 
#DogeZilla"
47,1447770156206149637,1454460934328442887,i'm telling you all... we've been warning you! haha #crypto #cryptotwitter #cryptonews #nft #NFTCommmunity #defi #GameFi #metaverse #saitama #SaitamaWolfPack #revolutionary #gamechanger #businessgrowth #Investment https://t.co/jdMCrqkdta
48,1602913392,1454460927093395466,"First-mover states on #metaverse, ie those who are now into very advanced #tech, will incur higher risks of unknown impacts on their politics, society &amp; economy. But they could also be rule-setters, as #metaverse interactions (among people &amp; states) will have to be regulated 7/"
49,1052954528,1454460926573305865,"üçªWelcome to the freakin' weekend my friends!

About 50/50 #stablecoins/#altcoins right now and looking for some good #metaverse or #memecoin plays!

üôåWhat do you got?

#shillme #memecoins #memes #meta #crypto #blockchain #NFTshill https://t.co/wAWZx9olVz"
0,852067274760617984,1454460923385688066,"Next week there will be lots of ""top-10 lists"" floating around in the mainstream media regarding #metaverse.

$AXS is a household name, it will definitely be on those lists - chart looks horny for more (under these market conditions).

I opened a long on https://t.co/RC7TVLaRlS https://t.co/XA9xnfBEF4"
1,3239597642,1454460907304615939,#Metaverse even wiz barbecue Ôºüüç¢ https://t.co/j5qOMtiLZL
2,1222938738193551360,1454460904125255684,"@SupreSpace All done sir.

I'm not gonna miss this one for sure. Thanks for this huge opportunity sir. Surely this will become huge soon. Stay strong and keep growing to your project. 
Have success

0x03A7781e9e88917Ab09c81DbAA3AC1628aA92E2E

#metaverse #PRESALE  #GameFi #NFT #PlayToEarn"
3,150757968,1454460889487355905,"@Meta FINALLY!!‚Ä¶ @justkingn We‚Äôll be able to finally confront them little kids eye to eye,  that be calling everyone N*GGers on #CallofDuty üòàüò§ #Metaverse #heysayjump #Karen"
4,1399003620834791428,1454460881677529091,"üì¢ Official Announcement üì¢

Join us in creating a #GAMI name for our community membersü§ù

We're giving away $25 G-BUCKS for every name we select üéâ

We will be using this name to call everyone in the community üò¨

Comment below üëá

#PlayToEarn #NFT #Airdrops #GameFi #Metaverse https://t.co/42X5LkyzU2"
5,1392591321840373764,1454460881354563590,"#HappyHalloween  #halloween2021 #SolanaAirdrop #SolanaNFT #Metaverse #GameFi #GameNFT #Halloween #NFTCommmunity #NFTGiveaways #NFTdrop #NFTcollection #Meta  #SOLNFT #nftcollector #NFT #NFTs #VR #SHIB #ATLAS Harry Potter
 
@candyshalloween https://t.co/GdT0qbQ1f5"
6,1376833550222303234,1454460871585959940,"@myblogpay #MaradonaTV #Metaverse #halloween2021 
20Plus Odds Available Here ,100% Sure üí™üèªüí™üèª‚úÖ‚úÖ‚úÖüî•üî•üî•
Check For Booking Codeüëáüëáüëáüëáüëáüëá
20+ Odds 100% Sure -Saturday Special (Click To See Booking Code) https://t.co/13x2rH5LaG"
7,1413051856608272386,1454460866192199684,".@spacemetaverse Co-founder and CEO and team are at the #NFTAwards in #NewYork. Very excited to see the best of the best in the #NFT world!

#Metaverse #VirtualReality #Cryptocurrency #Art"
8,1331292533423476737,1454460861632892929,"#KALAO on #Avalanche #Metaverse #OculusQuest2 
Future is here"
9,1441702148257955843,1454460856863916040,"@cryptomanran ILOVE #Elemongame Partner #Corsair
#GameNft #PlayToEarn #Top10MVB 
#BinanceSmartChain
#Metaverse https://t.co/utCLbETet1"
10,1389675288255205378,1454460854116753411,"bull $ALPA price is cheap. buy cheap.
Sign up for #Gateio. 40% discount

https://t.co/HVLpBwzYj3

#BabyDogeArmy  #Metaverse #paribu #btcturk #MEXCGlobal  #SHIBARMY  #BabyDogeArmy  #FEG  #fegtoken  #Binance  #BinanceSmartChain  #BNB  #token #bitexen #DogecoinToTheMoon 
#DogeZilla"
11,1167071982409723909,1454460850450862091,Not that the younger generations really gets what‚Äôs happening but that‚Äôs for right now at least we gon understand what it is better I believe  #Metaverse but I can‚Äôt wait to see what app is gonna be born out of this we really making ‚Äúready player one ‚Äú come to life #nfts https://t.co/DcVoqTO7AY
12,1449460459665596417,1454460848643223552,Thanks for the support! #YooShi is popular around the whole world. #GameFi #Metaverse #Meta #NFTGiveaway #Metaverse #KuCoin #BinanceSmartChain https://t.co/PFFLXZEDIG
13,1446754114445193216,1454460838400692228,"$NTVRK  amazing metaverse project ! @NetVRk1

Don't miss the #Metaverse wave ! 
It is just the begining ! Anytime is a good time to enter ! Don't wait. Seriously 

$NAKA , $FLAME &amp; $POLC  are also üî• right now !     

 #100xCoin
#x100Gems  
$Mana
$VRA
$RFOX https://t.co/iITaBxITvG"
14,1403398214552748034,1454460824274100228,"Nice project üëç
@Tiffanylee999 
@AKASHRB3 
@RohitYa04283062 
#SPAT #MetaSpatial #Metaverse #NFTs https://t.co/OUHHjzm1Oq"
15,1346413248136925184,1454460818972545027,"20,000 NFT Blind Boxes SOLD OUT! 

SSSR Rare_Ki #NFT brings extra rewards worth 7,000 $BUSD. Congratulations!  

Thanks for the supports from our wonderful partners!  @Hyperpay_tech @globalcrossfi @pearzap  @nftgoio @CryptoBankAfric @Chair_Finance

Together we build #Metaverse üåï"
16,1439601857458950150,1454460818054025218,"@GunHunterNFT This is an excellent project for the future. Strong will be successful, too the moon. Always be waiting for the progress of this project.
@AsishMohapatra1  @Saha_Deban  @Ratandas2 

#GunHunterNFT #PlayToEarn #GHT #P2E #metaverse #PVP"
17,1151305287963299840,1454460814262358018,#metaverse #facebook oh my ‚Å¶@imfbrandon‚Å© ‚Å¶@worldwideeduc8r‚Å© ‚Å¶@saki_milton‚Å© https://t.co/NGDA997qus
18,863055042135207936,1454460781894914053,https://t.co/9sbwgUT3EC Domain Name Now Available @SedoDE @Sedo #Meta #Metaverse #Metaverso #metavers #SocialMedia #social #socialmediamarketing #metasocial #metaguardians #metapayment @Meta  @schrep
19,1441702148257955843,1454460775523700737,"@TheBinanceNFT ILOVE #Elemongame Partner #Corsair
#GameNft #PlayToEarn #Top10MVB 
#BinanceSmartChain
#Metaverse https://t.co/7LpBudYiyT"
20,1439601857458950150,1454460770935185411,"This is an excellent project for the future. Strong will be successful, too the moon. Always be waiting for the progress of this project.
@AsishMohapatra1  @Saha_Deban  @Ratandas2 

#GunHunterNFT #PlayToEarn #GHT #P2E #metaverse #PVP https://t.co/vzKXW7iptZ"
21,1631788501,1454460770822074368,"Truth! I‚Äôll stay w/ #SidlotteForever #TeamSidney #SanditonNeedsSidney #CelebrateSidlotte¬†#SaveSidneyParker #LastAustenHero #JASanditon #TeamAusten
@masterpiecepbs @RedPlanetTV @BritBox_UK @PrimeVideo @netflix @GBH @Tatler @PBSDS @PBSDistribution #TeamSidlotte #SidLove #Metaverse https://t.co/JoF8vCj5T9 https://t.co/5vq9qOmx7Z"
22,1414202287681990667,1454460759455383558,"@BinanceChain @SnowCrashDAO, a rare and good #MetaVerse and #GameFi project, if you have read the official doc. $Nora #MetaVoxel #DeFi #Gamefi #BSCGems #Binance¬†¬†¬† #BscProject
https://t.co/9hBwDflPvS"
23,793910419,1454460748969689094,"We're just getting started.
#Metaverse #Mana $Mana #Bitcoin #Btc #Ethereum https://t.co/FpOdVKNxid"
24,807979432862359552,1454460742850076674,"#SPAT #MetaSpatial #Metaverse #NFT
Must join  @CryptoHindiO
@AbBabyAb @JayeshGawade3 
@NileshPGaonkar5 https://t.co/8xG9wpWrMQ"
25,2960616823,1454460714492432387,"While the whole world was busy bashing the #Metaverse , #WhatsApp silently introduced the feature to react to messages. Much needed feature indeed. Hope it roles out to all users soon! https://t.co/55wdlscA9b"
26,1441702148257955843,1454460687414005761,"@Cris__U ILOVE #Elemongame Partner #Corsair
#GameNft #PlayToEarn #Top10MVB 
#BinanceSmartChain
#Metaverse https://t.co/SfJvPFx0aB"
27,433792612,1454460664299278337,Facebook strikes again #Metaverse https://t.co/DAgjcafG4y
28,1382179723950772225,1454460663867207687,"@SupreSpace Good luck team! I believe this is a faithful project.The projector has a lot of attractions so hopefully the project will be better in the future.
@Ziaur202
@megh_asraf
@GxSajib

#metaverse #PRESALE  #GameFi #NFT #PlayToEarn"
29,1327586269128392704,1454460651493941254,"Flip 1.8$ and parabolic run is ready for $fear!

$FEAR in Halloween season with 10M mc and main net p2e and 3d museum ! 

Soon all kucoin ct will start shilling :) 

@digishahed look into this if you liked $TCP you will like this too!

$MANA $SAND $AXS $DPET $LOCG #Metaverse https://t.co/xG3HBZQU6C"
30,1265742995636326401,1454460639938760716,"A constant reminder

Only takes a minute to join the hottest #metaverse game launching soon

#SHIB #FLOKI #SAFEMOON #DEFI #BSCGems #NFT
https://t.co/QnzrkorJZK"
31,1441702148257955843,1454460614726750211,"@davidgokhshtein ILOVE #Elemongame Partner #Corsair
#GameNft #PlayToEarn #Top10MVB 
#BinanceSmartChain
#Metaverse https://t.co/EZPfB53aIt"
32,1414202287681990667,1454460611413172225,"@DjPrestigeUk @SnowCrashDAO, a rare and good #MetaVerse and #GameFi project, if you have read the official doc. $Nora #MetaVoxel #DeFi #Gamefi #BSCGems #Binance¬†¬†¬† #BscProject
https://t.co/9hBwDflPvS"
33,1389675288255205378,1454460593897938947,"bull $BLIN price is cheap. buy cheap.
Sign up for #Gateio. 40% discount

https://t.co/HVLpBwzYj3

#BabyDogeArmy  #Metaverse #paribu #btcturk #MEXCGlobal  #SHIBARMY  #BabyDogeArmy  #FEG  #fegtoken  #Binance  #BinanceSmartChain  #BNB  #token #bitexen #DogecoinToTheMoon 
#DogeZilla"
34,1405165444856754182,1454460583705812992,$SAND vs $BTC is just getting started. The real #metaverse will be decentralized not centralized like @Meta Don't let a company steal your data and make money out of it. https://t.co/XaLajVR7m1
35,414946220,1454460583076630538,"#FacebookMeta #Metaverse 

Is it [Facebook rebranding] a genuine bid to set the company on course for what he sees as the future of computing?

Via @ConversationEDU 

https://t.co/zpIoP83akC"
36,27415722,1454460574298001416,"We are entering an era where #digital is the basis. Maybe, #metaverse will create the augmented teams. In your opinion, what is the most important fundamental for the #effective #collaboration?"
37,1282925156466229249,1454460553095626760,"@MetaSpatial_io Very good project with moonly potential ‚ù§Ô∏è‚ù§Ô∏è‚ù§Ô∏è
@FerdiAn09967763 @CryptoBikash @crypto720 
@ArmanRa68022474 @AkeelAh75623493 
#SPAT #MetaSpatial #Metaverse #NFTs"
38,1430457146357993478,1454460536263938050,"@weiweidayodayo ASTON MARTIN VANQUISH AM 310 https://t.co/1gdgRQO2W1 
@opensea
  #nfts #nftcommunity #nftart #nftcollector #nftgallery #cryptoart #nftgram  #nftartist #nftcollectors #nftartists #nftdrop #crypto #cryptoart #openseanfts  #digitalart #NFTGiveaways #NFTGiveaways #Metaverse"
39,1441702148257955843,1454460534036709377,"@CryptoLoretta ILOVE #Elemongame Partner #Corsair
#GameNft #PlayToEarn #Top10MVB 
#BinanceSmartChain
#Metaverse https://t.co/i5yLwhQhZV"
40,1445390595938263044,1454460531394424834,"#Airdrop #GameFi #NFT #PlayToEarn #Metaverse
will be the greatest game ever can actually change the fundamental structure of traditional game, it‚Äôs so good if people can get passive income while playing game.
@FisseGilbe  @AshisGupte  @HollyNGatto1 https://t.co/410j5S2lr7"
41,405796624,1454460513308532738,"All #Metaverse coin did 3x expect the #Dego which is first #Metaverse  Coin , keep your eyes on $Dego"
42,1451865998802358283,1454460497554657282,"Very good project with specific goals.

@s
@BIGHIT_MUSIC
@GiveawayLC

#SPAT #MetaSpatial #Metaverse #NFTs https://t.co/MtSi2Ij059"
43,1406556181133512705,1454460490873196553,@krakenfx $Starl. @StarLinkETH is kicking off closed beta testing of their space #metaverse project today. So much is in store for the community and investors. https://t.co/kHsSaSMvuz
44,1368654415,1454460488985706502,"Join free airdrop from meta #SPAT #MetaSpatial #Metaverse #NFTs 

@CryptoTeluguO @talkwthme @ThorXCrypto https://t.co/VGBEZJTz2K"
45,1178041806,1454460477380173828,"One of 666 ü§™ Discount for #63 during #Halloween ü•≥ Only 3.3 ETH ü•≥ Hurry up, buy it 

https://t.co/62xNIyF4AO

#NFTs #NFT #NFTCommunity #nftcollectors #nftcollector #NFTartist #NFTMarketplace  #nftart #cryptoart #cryptoartist #Halloween #bitcoin #NFTNYC2021 #NFTNYC #metaverse https://t.co/YSj6JKtcje"
46,936008205766922240,1454460475320815624,"Which one wins, $blok to $1.30 or $naka to $53.00

#BLOCKTOPƒ∞A 
#Nakaverse 
#Metaverse 
#Meta"
47,1430457146357993478,1454460475283025928,"@KeepC0unting ASTON MARTIN VANQUISH AM 310 https://t.co/1gdgRQO2W1 
@opensea
  #nfts #nftcommunity #nftart #nftcollector #nftgallery #cryptoart #nftgram  #nftartist #nftcollectors #nftartists #nftdrop #crypto #cryptoart #openseanfts  #digitalart #NFTGiveaways #NFTGiveaways #Metaverse"
48,865287461886472192,1454460472292376582,"This is a great project and also the reward is great. Thanks for shared this wonderful opportunity. Best wishes for all team members. Keep going and get to the moon. wish me good luck!
@HongDng77402459
 
@thuinst
 
@huatienthuat
 
#SPAT #MetaSpatial #Metaverse #NFTs https://t.co/fwqHyJRNko"
49,771888223698157568,1454460469972848647,"@CoinDesk @Facebook @naomibrockwell @davidzmorris #Metaverse is so last week. Big brains are on the #MultiMetaverse tip now.

#CCIP https://t.co/wZguhLZGlp"
0,1454460201961078785,1454460467993202690,The native token is on board trading on UNISWAP.  $dog $shib $mana $tlm $sand $bit $smon #Metaverse #META $dext $raca #uniswap contract  address : 0x17a459bff9277e945354fc32b2daef5211fe801b
1,1386247374524215298,1454460452566491142,"Specially Thanks sir
For sharing a great project   I Hope This project Future is Bright More Success &amp; Go To The Moon

@AnanyaA21647500 

@kajalmaskre 

@Pawan70620128 

#GunHunterNFT #PlayToEarn #GHT #P2E #Metaverse #PVP https://t.co/Irp0GtU4or"
2,1430457146357993478,1454460427648253957,"@TheCryptoTulip ASTON MARTIN VANQUISH AM 310 https://t.co/1gdgRQO2W1 
@opensea
  #nfts #nftcommunity #nftart #nftcollector #nftgallery #cryptoart #nftgram  #nftartist #nftcollectors #nftartists #nftdrop #crypto #cryptoart #openseanfts  #digitalart #NFTGiveaways #NFTGiveaways #Metaverse"
3,1414202287681990667,1454460413651795968,"@cryptogems555 @SnowCrashDAO, a rare and good #MetaVerse and #GameFi project, if you have read the official doc. $Nora #MetaVoxel #DeFi #Gamefi #BSCGems #Binance¬†¬†¬† #BscProject
https://t.co/9hBwDflPvS"
4,1386247374524215298,1454460387827453952,"@GunHunterNFT Specially Thanks sir
For sharing a great project   I Hope This project Future is Bright More Success &amp; Go To The Moon

@AnanyaA21647500 

@kajalmaskre 

@Pawan70620128 

#GunHunterNFT #PlayToEarn #GHT #P2E #Metaverse #PVP"
5,1282095974253387776,1454460376053993472,"@PokemineG
The next good project this is a good project going forward. hopefully it will be a new hope and provide good progress.

@Dhika2614
 
@aminudin411
 
@Akusih_B_aja

#Airdrop #Pokemon #Crypto #PlayToEarn #Metaverse #GameFi #NFT #Heco $PMD https://t.co/UN8UminisQ"
6,875602958217379841,1454460362628255752,"https://t.co/RNXbKiK4fe

with 12k Euros BIN for a short time

#Domains  #Metaverse #domainnames #Nft #DomainNameForSale  #Meta   #namepros #xr #vr #ar #virtualreality #mtvrsbet  #AugmentedReality #mtvrs #DigitalTransformation #btc #metabet #metaverspay #metaproperty #mtvrsnft"
7,1333620274181226496,1454460361810190337,Finally! some use for my dusty Quest2 #Bloktopia  #Metaverse #Meta #OculusQuest2 #MetaQuest https://t.co/QxftI5RN7S
8,1441702148257955843,1454460351353741312,"@CoinMarketCap ILOVE #Elemongame Partner #Corsair
#GameNft #PlayToEarn #Top10MVB 
#BinanceSmartChain
#Metaverse https://t.co/EpklJsMBfy"
9,124110153,1454460329224667143,"@MetaSpatial_io All the successes of the project related to their team.Go to the moonüöÄüöÄüöÄ

@Sandeep_Deepsan 
@raj_rohada 
@RajuCh11802681 
#SPAT #MetaSpatial #Metaverse #NFTs"
10,16920080,1454460307833856005,The #metaverse is bullshit: You're not losing your mind: it really does just sound like a worse version of the internet. https://t.co/qgN82q6Fg1 @wesleyfenlon @pcgamer
11,1631788501,1454460300527292420,"I‚Äôll stay with #SidlotteForever #TeamSidney #SanditonNeedsSidney #CelebrateSidlotte¬†#SaveSidneyParker #LastAustenHero #JASanditon #TeamAusten
@masterpiecepbs @RedPlanetTV @BritBox_UK @PrimeVideo @netflix @GBH @Tatler @PBSDS @PBSDistribution #TeamSidlotte #SidLove #Metaverse https://t.co/rL43Jmbz30 https://t.co/5wVCWrclIW"
12,1392591321840373764,1454460296190382081,"#HappyHalloween  #halloween2021 #SolanaAirdrop #SolanaNFT #Metaverse #GameFi #GameNFT #Halloween #NFTCommmunity #NFTGiveaways #NFTdrop #NFTcollection #Meta  #SOLNFT #nftcollector #NFT #NFTs #VR #SHIB #ShibaSwap #ATLAS #HarryPotter Harry Potter #dogecoin 
 
@candyshalloween"
13,92412730,1454460285595553797,üëèüèΩüëèüèΩüëèüèΩ Great üßµüëáüèΩ#Metaverse #Web3 https://t.co/9J9werB6oh
14,189622552,1454460282542170117,"Enroll: https://t.co/KYYTPt6R18

#Metaverse #VirtualReality #AugmentedReality #NFT #Crypto #Meta #blockchain https://t.co/oGVA7jsnXD"
15,1451377864041906182,1454460279312371726,"@PokemineG The next good project this is a good project going forward. hopefully it will be a new hope and provide good progress.

@Dhika2614
 
@aminudin411
 
@Akusih_B_aja

#Airdrop #Pokemon #Crypto #PlayToEarn #Metaverse #GameFi #NFT #Heco $PMD"
16,1384166268312293380,1454460271146242049,"$SENSO

Alex Blagirev (@Dvorkin01)
https://t.co/OX1DPbCVVK  has published that Jay-Z's company @RocNation bought $SENSO tokens

#crypto #SENSO #Sensorium #metaverse #NFT

https://t.co/ev7RdiYfEo https://t.co/OYCM8BmpLV"
17,1309149338296295425,1454460262656839686,And who will guard and protect this metaverse?? The #Soldiers of the #Metaverse @MetaverseArmy. Amazingly detailed design by ex-marvel guys and had more than 800+ ETH vol on OpenSea. Join the @meta here - https://t.co/jW0t5H8JWh @deceptive_queeN @nobodymeisyou @stuffingtonpst https://t.co/R0JLOXuusc
18,941411754910912514,1454460260316504069,"Someone has swallowed for 949K$$$ of $mana at 2,50$!!! WHAT A BEAST! HOLD ans SEE YOU ABOVE 5$ tomorrow! #MANA #MANAUSDT #Bullish #Metaverse #CryptoBOT #CryptoBots #Cryptos #ToTheMoon  #cryptocurrencies #Bitcoin #altcoins #token #Binance #HODL #DeFi #BTC #blockchain #USDT #BUSD"
19,1441702148257955843,1454460255925006338,"@intocryptoverse ILOVE #Elemongame Partner #Corsair
#GameNft #PlayToEarn #Top10MVB 
#BinanceSmartChain
#Metaverse https://t.co/P35f7AzpVX"
20,1436181548311711745,1454460254507487235,"Privacy issues are about to become 3 dimensional, forget GDPR!
Read more:
https://t.co/ubkhBD6RYk
@Sydney_Uni

#kibernasecurity #dataprotection #privacy #facebook #Metaverse"
21,1453490048540815368,1454460248912191500,"Features of Python !!

#developer #development #coder #coding #computer  #javascript #python  #webdevelopment #website  #linux #windows #google #microsoft #computerscience #pythonlearning  #machinelearning #artificialintelligence  #pythonchallenge #python #pythoncode #Metaverse https://t.co/VSAbQbU6kP"
22,1374647554118361093,1454460169753006081,@wolfofwallst @metasaurs Elemon Game is best choice üöÄ @ElemonGame #Elemon #BinanceSmartChain #GameFi #Metaverse #PlayToEarn @BEMILCoin #Bemil #Bemilcoin @FaraStarter #FaraStarter #GameFi #Corsair https://t.co/5SPQEAm4p2
23,1452279733882920960,1454460165399273476,"Great project!

#Airdrop #GameFi #NFT #PlayToEarn #Metaverse https://t.co/6NEjTu3gfm"
24,1441702148257955843,1454460155463024645,"@AlexxNFT ILOVE #Elemongame Partner #Corsair
#GameNft #PlayToEarn #Top10MVB 
#BinanceSmartChain
#Metaverse https://t.co/GHaM9WhNOk"
25,1374647554118361093,1454460152019505156,@TheCryptoLark Elemon Game is No1 üöÄ #Elemon #BinanceSmartChain #GameFi #Metaverse @ElemonGame #PlayToEarn @BEMILCoin #Bemil #Bemilcoin @FaraStarter #FaraStarter #GameFi #Corsair https://t.co/KwBQ0Q7OcF
26,1124501833248985091,1454460137637171204,This collaboration is opening a new world of #Metaverse. Both of new project @BemilGame #Bemil #Bemilcoin @FaraStarter #FaraStarter #GameFi https://t.co/je4zt3ucSO https://t.co/Ds3AAlHBMD
27,1148862035129589760,1454460130058145797,It all started here @ThinkingUSD @GiveAwayHost @aishiseigestar  #SPAT #MetaSpatial #Metaverse #NFTs https://t.co/uan0EhEqQQ
28,1411427603018362883,1454460110663782407,"https://t.co/e8R8rOk06a

Domain name for sale.

ONLY $250

https://t.co/gtAyBDPyHq

Buy it Now.

#Meta #Sex #Cam #Chat #Porn #Domain #Metaverse #fun #onlyfans #online #startup #makemoneyonline #Bitcoin #crypto  #shibarmy #Metaverso https://t.co/UoPCNu6TCp"
29,1415183268719120391,1454460103843672081,"When you META perfect person of your dreams, the next thing you gotta do is to plan your dream wedding ü§≠
#Meta #Metaverse"
30,1449609668569956363,1454460101687799811,"@SupreSpace The project is great and this projector has a strong team, so hopefully the project will be better in the future. 
@Asraful55573544
@AftabSk7312
@Monirul1322 

0xdc1AE2D85Ada600EcdD41d4baf51A29526aACDf4

#metaverse #PRESALE  #GameFi #NFT #PlayToEarn #P2E"
31,1329665504869400576,1454460085439172610,"@MetaSpatial_io Grab a chance 

#SPAT #MetaSpatial #Metaverse #NFTs  

@SrikarGupta99 
@SurajMisha1 
@anil_kanna_07"
32,1445751721611956224,1454460074559164420,"$SAND is up 110% so far since I posted it some days ago... Most trades takes some time, so be patient
#BTC #Metaverse #altcoin https://t.co/D05HMSk5CN"
33,1259477962568720385,1454460072067731467,@dao_duck @bloktopia Welcome to the future my friend :) #blok #Bloktopia #Metaverse #Bitcoin
34,1253734941067816965,1454460069257568262,@MeteorReport You didn‚Äôt miss anything. Decentraland is the king of #Metaverse
35,1441702148257955843,1454460067252621317,"@Cryptoking ILOVE #Elemongame Partner #Corsair
#GameNft #PlayToEarn #Top10MVB 
#BinanceSmartChain
#Metaverse https://t.co/5zCracW3iH"
36,930794892321873921,1454460065772027906,"@MetaSpatial_io Definitely it's a great project with a good https://t.co/4IAqH5sosn wishes to all.
@KondalaYerramn1
 
@ravi
 
@kesaram

#SPAT #MetaSpatial #Metaverse #NFTs"
37,1400346663428845572,1454460047577075718,"@GunHunterNFT Lets make it go on Top with all your support ü•≥üöÄüåàü•≥

@Azwar28167383
@Azzakii14
@me_Azael

#GunHunterNFT #PlayToEarn #GHT #P2E #metaverse #PVP"
38,782512467951947776,1454460031404068865,"@Pentosh1 Marketplace going to be live soonüî•üî•üí∞
Playable alpha is comingüòçü§ë
https://t.co/WwmdILRUUX

@cryptomedatech #Crypto #DeFi #shiba #shibainu #opensea #gamedev  #gem #NFT #NFTCommunity #polygon #nftmeme #games #metaverse #meta #playtoearn #play2earn #NFTGaming #GameFi #FreetoPlay https://t.co/f9nEK0BKFs"
39,1331508188437311488,1454460009908035587,$PLAY in the #Metaverse https://t.co/zYOeFrN48R
40,1359002895866335234,1454459992556412928,"$Senso

Currently 7.5mil volume on kucoin
25mil mcap
my recommended buy zone was $1.9 but price shot up straight away as i was typing  
 
Try dca but if it breaks $2.3 it will moon

I REPEAT THIS WILL MOON
#Metaverse #meta 
$trias $blok $naka $polc $pmon $mana $zkt $flame $ai"
41,1441702148257955843,1454459986201825290,"@ElemonGame ILOVE #Elemongame Partner #Corsair
#GameNft #PlayToEarn #Top10MVB 
#BinanceSmartChain
#Metaverse https://t.co/P1Zyj2CZWt"
42,928433133900492800,1454459978622939138,"Best project ever, I am very happy to be participating in this project. I hope this project will gain more popularity in the future.

@Mohosy2000
 @2021Gkc @QUSAY13214 

#Metaverse #CryptoPlanes #CryptoCars #MVBIII $CPAN $CCAR https://t.co/oBlXziJ9ux"
43,1339367764251856897,1454459949103435790,"#BTTC #BTT BitTorrent Chain looking clean. Testnet is live right now. Have a try: https://t.co/Sit701WHOZ

#BitTorrent #TRON #TRX #Metaverse #MANA #BTC #Ethereum #ETH #EVM #ADA #SHIB #ShibaArmy #dogecoin #cryptocurrecy #catecoin #DeFi #altcoin #ALTSEASON #Solana #LUNA #MATIC https://t.co/ld41IpBMgj"
44,1102393629367328768,1454459939125174273,"I'm so addicted to my phone, social media, #crypto, #metaverse etc. 

It's all very exciting but nothing will ever replace IRL socialization

I need to learn to disconnect from it all every once in awhile"
45,208692498,1454459917515911170,"@MetaSpatial_io This is definity going to be HUGE! as the team has been an inspiration in their innovative approaches towards achieving the project goals and visions RocketRocketRocket
@AliZo2011 
@Alireza81_bcgam 
@Mohamma82690072 

#SPAT #MetaSpatial #Metaverse #NFTs"
46,1444847937851322369,1454459911169994760,"The bullllissh news keeps coming for $UFO! 

@TheUFOtoken  partnering up with $KDA again showing the high class of this team in strategy and execution.

#Metaverse #launchpad #P2E #GameFi https://t.co/hnRBhtJmBE"
47,1441702148257955843,1454459910700167179,"@CryptoLoretta ILOVE #Elemongame Partner #Corsair
#GameNft #PlayToEarn #Top10MVB 
#BinanceSmartChain
#Metaverse https://t.co/g5SiWfObxc"
48,1246823557885300736,1454459901221163016,"@davidgokhshtein I agree, to be honest I wasn‚Äôt even using Facebook for the past 5 years. It some how didn‚Äôt resonate with how advanced we are. My mom and dad use Facebook the most. I‚Äôm glad they decided to revamp the interface. But sorry mom and dad! #Metaverse"
49,2663868766,1454459890110504963,$SAND vs $BTC is just getting started. The real #metaverse will be decentralized not centralized like @Meta Don't let a company steal your data and make money out of it. Long to @TheSandboxGame https://t.co/pUayP9oFAQ
0,1220763308573237248,1454459863896047624,All this pumping and mana not trending yet!!! #decentrland #mana #Metaverse
1,3343896580,1454459854698000387,"@MetaSpatial_io This is a great project and also the reward is great. Thanks for shared this wonderful opportunity. Best wishes for all team members. Keep going and get to the moon. wish me good luck!
@sefa1694
@kriptotakko
@kriptoresal

#SPAT #MetaSpatial #Metaverse #NFTs"
2,756018109,1454459854207205377,Thinking of selling my $KAR to invest massively in @BC_Pioneer @BitDotCountry #Kusama parachains guys... #metaverse I am so hyped by this team! https://t.co/1hjiUzcSyJ
3,3343896580,1454459840831574017,"This is a great project and also the reward is great. Thanks for shared this wonderful opportunity. Best wishes for all team members. Keep going and get to the moon. wish me good luck!
@sefa1694
@kriptotakko
@kriptoresal

#SPAT #MetaSpatial #Metaverse #NFTs https://t.co/91w40vnPaB"
4,1432275055178776578,1454459834871386113,"join airdrop now! 

@nhancaooo 
@kimphannnnn 
@ngoctram3004 
#SPAT #MetaSpatial #Metaverse #NFTs https://t.co/sWVi7ZQqqA"
5,1307623378992259072,1454459832719740934,"Acquired https://t.co/iSA8HYp9KR 

#Meta #Metaverse #NFT #NFTs #DAO #DAOs #Crypto #BTC #Bitcoin #ETH #Ethereum #blockchain https://t.co/GJFnWFflKi"
6,915103674,1454459828252774403,"The Drescher Drop has some exciting issues coming up for November. 
We'll explore the #metaverse and figure out wtf this is!
https://t.co/NRL3RxzlCq https://t.co/S2bm1vWjSv"
7,1441702148257955843,1454459820271046656,"@TheMoonCarl ILOVE #Elemongame Partner #Corsair
#GameNft #PlayToEarn #Top10MVB 
#BinanceSmartChain
#Metaverse https://t.co/Sc6glTC7ho"
8,1414202287681990667,1454459812880650243,"@GenxAnalytics @DeathRoad_io @DecentralGames @binamonok @bloktopia @Talecraftio @RadioCacaNFT @MetaWarsNFT @CryowarDevs @RevomonVR @StarLinkETH @SnowCrashDAO, a rare and good #MetaVerse and #GameFi project, if you have read the official doc. $Nora #MetaVoxel #DeFi #Gamefi #BSCGems #Binance¬†¬†¬† #BscProject
https://t.co/9hBwDflPvS"
9,4514059753,1454459802092916747,"This is a great project and also the reward is great. Thanks for shared this wonderful opportunity. Best wishes for all team members. Keep going and get to the moon. wish me good luck!
@freecoins24 
@smartearner01
 
#SPAT #MetaSpatial #Metaverse #NFTs https://t.co/q8NhTdX56u"
10,1602913392,1454459800855666693,#Metaverse provides opportunity to re-imagine #political and #economic realities in infinite ways. This could put into questions existing assumptions and structures in the relations among states. 6/
11,1400885653966135296,1454459799064784897,$Ovr 1.1 $ yesterday today 1.4 $ tomorrow üëÄ If you miss $Blok #Bloktopia Dont miss $Ovr üëç ww mil mcap. Still early when nodbody knows what is #Metaverse $Ovr was here üëçüî•ü§ù https://t.co/lygavCYSaM
12,1402259317525467137,1454459760581898245,"@MooMonsterNFT This team is one of the best team .

@Poll07647395
@Eman27791242
@Thor85604427
@Poll07647395 
@PritomkrDutta 

$MOO #playtoearn #GameFi #NFTGaming #GameNFT #Metaverse #airdrop #bounty"
13,1454419327764008964,1454459751014838277,"The Sign of 69 NFT's are beginning to drop!
First 69 dropping daily until 11/15/2021!

0.005ETH

https://t.co/nvQ6DZheVA

#nft #raribleNFT #Metaverse #eth #signof69 https://t.co/6N8ySOpEnX"
14,1405724162421710854,1454459742982590464,"Very good project

@sopon906 
@dilip152715 
@jotish3764 

0xbAf0486535819b229a7432BB3158F596CF78ECf1

#metaverse #PRESALE  #GameFi #NFT #PlayToEarn #P2E https://t.co/AyDTkQdH30"
15,916265275728654337,1454459735407661060,"@MetaSpatial_io Try your luck 

@swagchuker
@Rana78289192 
@keshore070 

#SPAT #MetaSpatial #Metaverse #NFTs"
16,1225287711566680064,1454459731934859273,"Great project
@Kaii22514253 @pyaetgi521 @KoLatt14435121 @Maxxkaii2
ü•∞ü•∞ü•∞ü•∞
#SPAT #MetaSpatial #Metaverse #NFTs https://t.co/FhaflYXS5e"
17,1441702148257955843,1454459724464676865,"@davidgokhshtein ILOVE #Elemongame Partner #Corsair
#GameNft #PlayToEarn #Top10MVB 
#BinanceSmartChain
#Metaverse https://t.co/briFKK4Ygb"
18,1414202287681990667,1454459714750742528,"@AltcoinGordon @SnowCrashDAO, a rare and good #MetaVerse and #GameFi project, if you have read the official doc. $Nora #MetaVoxel #DeFi #Gamefi #BSCGems #Binance¬†¬†¬† #BscProject
https://t.co/9hBwDflPvS"
19,1327064692288679936,1454459685231206405,"@DraxPart @Crazyworld010 @HateFate9 check it out

#SPAT #MetaSpatial #Metaverse #NFTs https://t.co/Q7SPxlPzNk"
20,1443861882155114496,1454459663047553033,"@MonsterArenaBSC Great Project with good leadership and wonderful community. Keep it up team. In the future, this project will definitely go to the moon.
@vijalp9 
@Luckyman9990 
@RuizPereyra1 
@Tomassis111 
@Johan_Pena_COL
#Airdrop #GameFi #NFT #PlayToEarn #Metaverse"
21,760099002033385472,1454459660384210944,"You mean that I have more $UFO than you???  Haha.  At least for now. üòâ

#cryptocurrencies #crypto #altcoin #Metaverse #GameFi #PlayToEarn #P2E #BTC #BNB https://t.co/crjTepJZhH"
22,1423919357692887041,1454459644621901832,"@SupreSpace The project is implemented professionally and has a clear development plan. Made by a very professional and experienced team. Without doubt
@shahria7789 
@Sharifur865 
@huyfansy27 
@JahidBsk2
@Shebi1122

#metaverse #PRESALE  #GameFi #NFT #PlayToEarn #P2E"
23,1414904142968016901,1454459633133834242,"@MetaSpatial_io This is definitely going to be HUGE!  as the team has been an inspiration in their innovative approaches towards achieving the project goals and visions , I am so glad to be part of this.
@kyawkhineu
@Thant4Kyi
@Eric_kg327

#SPAT #MetaSpatial #Metaverse #NFTs"
24,1386250183416029184,1454459621163208708,"Specially Thanks sir
For sharing a great project   I Hope This project Future is Bright More Success &amp; Go To The Moon

@AnanyaA21647500 

@kajalmaskre 

@Pawan70620128 

#GunHunterNFT #PlayToEarn #GHT #P2E #Metaverse #PVP https://t.co/oul9ABxR5i"
25,1441702148257955843,1454459612829130754,"@DropYourNFT ILOVE #Elemongame Partner #Corsair
#GameNft #PlayToEarn #Top10MVB 
#BinanceSmartChain
#Metaverse https://t.co/opTTSlYTpT"
26,1242527572967198720,1454459599378132992,#Metaverse #blok best coin in the metaverse will list @cz_binance 1 $
27,208555286,1454459596131627011,"@MetaSpatial_io I am very happy to be participating in this project. 

@HellyPink9
 
@quoctytran2020
 
@Nqubeko39941039
#SPAT  #MetaSpatial #Metaverse #NFTs"
28,1631788501,1454459595557064707,"I‚Äôll stay with #SidlotteForever #TeamSidney #SanditonNeedsSidney #CelebrateSidlotte¬†#SaveSidneyParker #LastAustenHero #JASanditon #TeamAusten
@masterpiecepbs @RedPlanetTV @BritBox_UK @PrimeVideo @netflix @GBH @Tatler @PBSDS @PBSDistribution #TeamSidlotte #SidLove #Metaverse https://t.co/AD5ZRhhdj8 https://t.co/lp8aVfKrlb"
29,1448077780525240322,1454459593480757260,"I am very happy to be participating in this project. 
I hope this project will gain more popularity in the future.

@zahidul_b 
@MiftahulRupa 
@mshahinkamal 
@amazid64 
@zahidul_c 
 #SupreSpace #Metaverse #gamefi 
#SPACE #PRESALE  #GameFi #NFT #PlayToEarn https://t.co/7IoH82k7dy"
30,1414904142968016901,1454459574413574151,"This is definitely going to be HUGE!  as the team has been an inspiration in their innovative approaches towards achieving the project goals and visions , I am so glad to be part of this.
@kyawkhineu
@Thant4Kyi
@Eric_kg327

#SPAT #MetaSpatial #Metaverse #NFTs https://t.co/znj6tvSKXu"
31,1444678989772038145,1454459556101181441,"#Airdrop #GameFi #NFT #PlayToEarn #Metaverse
This is a project that will be very useful in the future because it is supported by a professional team with great goals and big plans for the future
@GabriJutta  @HollyNGatto1  @AshisGupte https://t.co/0T7JrPTtx3"
32,1441702148257955843,1454459523289128975,"@AltcoinDailyio ILOVE #Elemongame Partner #Corsair
#GameNft #PlayToEarn #Top10MVB 
#BinanceSmartChain
#Metaverse https://t.co/f7NMDCd0ew"
33,1426677320081870854,1454459519862464527,"good project
@Ayokanm22504330 @Dlaw85690043 @Ademola22623194 

bsc : 
 0x7F9C827d0cE70F88E3E562848d1DF89fC382A2De

#Airdrop #Metaverse #MetaverseInu #crypto #cryptocurrency #giveaway #BSC  #presale 
@Metaverse_Inu
  #MetaInu #bitcoin https://t.co/hSdYAMIHCG"
34,1373056237349302278,1454459485930590211,"#BTC Retest ü§î

#btc #Binance #BNB #BinanceSmartChain #Metaverse #kriptopara #shiba #SHIB https://t.co/8u4C2Ehd7x"
35,1444636163055181825,1454459485448200195,"Great video &amp; thanks for the shout out @TheeCryptolarkk ! (14:25) üêµüí™  Big backers, AAA experience! 

#cryptocurrecy #blockchain #BlockchainGaming #Metaverse 
https://t.co/0S3fiiW54K"
36,1101103308,1454459480784179212,"Investing in #Metaverse projects rn is like buy .com's early in the 90s. Mainstream adoption is preparing for landing

#btc #eth #ntvrk #axie #vr #nft #nfts"
37,856854776268464128,1454459468515708935,"Wow, #Mana has been sent to the NO.1 altcoin in terms of 7 days return.Even beaten the hottest Shiba.I had heavy invested Decentraland  in 2018,feel so lucky now.Guys,#Metaverse is just beginning,maybe it's not too late to get on the #Decentraland bus.#bitcoin  #shibainu https://t.co/mq4d531QZz"
38,27346078,1454459467853148170,"@CryptoCapo_ @crypto_birb Invest in the best Metaverse Projects with one Token. $MVI is the Metaverse Index Fund Token . The Algorithm automatically picks the best #NFT , #GAMING and #METAVERSE projects performance every month .This space has huge growth potential take the guesswork away with #MVI üëáüëÄ https://t.co/qJ6IqOJQge"
39,1256574501728346113,1454459445929410566,@MetaSpatial_io I believe this is a very cool and strong project. @LinnLinn2357 @4ung21n @Thankzin1123  #SPAT #MetaSpatial #Metaverse #NFTs
40,139760544,1454459444876783624,"@PolyDoge @NetVRk1 @Meta Metaverse is the futureüí™üèºüöÄ

@chisppy @Frandi_Mz @Marcohpa 

#Metaverse #NFTs #P2E #Giveaway https://t.co/sdAVYYQgp2"
41,1441702148257955843,1454459431941382144,"@AltCryptoGems ILOVE #Elemongame Partner #Corsair
#GameNft #PlayToEarn #Top10MVB 
#BinanceSmartChain
#Metaverse https://t.co/nGPxdYLJDG"
42,1631788501,1454459430834216965,"‚ù§Ô∏èI‚Äôll stay with #SidlotteForever #TeamSidney #SanditonNeedsSidney #CelebrateSidlotte¬†#SaveSidneyParker #LastAustenHero #JASanditon #TeamAusten
@masterpiecepbs @RedPlanetTV @BritBox_UK @PrimeVideo @netflix @GBH @Tatler @PBSDS @PBSDistribution #TeamSidlotte #SidLove #Metaverse https://t.co/shvIneYxXA https://t.co/gK6AmrJRyc"
43,23371841,1454459427021537283,"Oct 30 2018: #SiliconValley parents are panicking.

According to The NYTs' [], they're so concerned about the negative effects of #technology on their #kids that some are drawing up contracts w/their nannies around screen exposure."" 

#Metaverse 

https://t.co/KxyQr3qVUg"
44,107702858,1454459425637294081,"@ProdbyAndres @Metahero_io Unlike most #Metaverse projects out there, who're pumping just on a whitepaper, $Hero is real! Hodl is the key"
45,1344950064859398150,1454459422021861387,"@MonsterArenaBSC It is really a legit project. 
Let's support guys. 
@Spplatfrom 
@NazmusS98192267 
@ARAKASH25509779 

#Airdrop #GameFi #NFT #PlayToEarn #Metaverse"
46,1345616792694112257,1454459414425923584,@GenxAnalytics @DeathRoad_io @DecentralGames @binamonok @bloktopia @Talecraftio @RadioCacaNFT @MetaWarsNFT @CryowarDevs @RevomonVR @StarLinkETH $Revo has the best team @RevomonVR #Metaverse https://t.co/QpZnRORHvs
47,1386250183416029184,1454459381144166405,"@GunHunterNFT Specially Thanks sir
For sharing a great project   I Hope This project Future is Bright More Success &amp; Go To The Moon

@AnanyaA21647500 

@kajalmaskre 

@Pawan70620128 

#GunHunterNFT #PlayToEarn #GHT #P2E #Metaverse #PVP"
48,1392591321840373764,1454459370037784577,"#HappyHalloween  #halloween2021 #SolanaAirdrop #SolanaNFT #Metaverse #GameFi #GameNFT #Halloween #NFTCommmunity #NFTGiveaways #NFTdrop #NFTcollection #Meta  #SOLNFT #nftcollector #NFT #NFTs #VR #SHIB #ShibaSwap #ATLAS #HarryPotter Harry Potter
 
@candyshalloween"
49,1441702148257955843,1454459361145737218,"@RealmissNFT ILOVE #Elemongame Partner #Corsair
#GameNft #PlayToEarn #Top10MVB 
#BinanceSmartChain
#Metaverse https://t.co/nJqGAQ6YZU"
