,id,text
0,1451906290830102531,"#SpiderMan2 Fusion Reactor ğŸ¤ğŸ»ğŸ™‚ğŸ”¥

#SpiderManNoWayHome https://t.co/7vDhoopivd"
1,1451755872976138252,yo wait what if Peter and Miles fight Venom first before Kraven and Peter develops the spider arms in order to compensate for losing his tendril abilities when he gets rid of the black suit? #SpiderMan2 https://t.co/I2Fw9wMaMT
2,1451752406178488325,Checkout our latest episode! #SpiderMan2 #DCTitans #DoomPatrol #DCStargirl #Batwoman #LegendsOfTomorrow #Supergirl @JFischedick @BIGDADDYCOOL56 #DCFanDome #TheBatman https://t.co/0aT97vXuVu
3,1451748933869445128,"Spiderman Miles Morales Appreciation PostğŸ•·ğŸ•¸ğŸ¥°ğŸ¥µğŸ”¥

Those who called it ""DLC"" clearly never played it and they're wrong.

Outstanding work @insomniacgames I hope to see even more improvements to web swinging and gameplay in #Spiderman2 https://t.co/jmEu4lB4xi"
4,1451744923158470657,Marvel Friday: Swan Song (Spider-Man 2) https://t.co/PZoeg0hB9o #SpiderMan #spidermanhomecoming #spidermancosplay #spiderman2 #spiderman2099 #spiderman3 #spidermanmovie #spidermanfan #spidermancomics #spidermanhoco #spidermanps4 #spidermancake #spidermanhomecomingmovie #spid
5,1451696721252212736,@Lindzabop hello Lindsey how are you today I want to present you a new suit for Peter Parker is the fusion of spidey and the CAP I hope you like it and they approve it is him 2023 #insomniacgames #SpiderManPS5  #Spiderman2 ğŸ™ğŸ¼ğŸ™ğŸ¼ğŸ™ğŸ¼ğŸ™ğŸ¼ğŸ‘ğŸ»ğŸ’ªğŸ»ğŸ•·ï¸ğŸ•¸ï¸ğŸ•·ï¸ğŸ•·ï¸ğŸ•·ï¸ğŸ•·ï¸ https://t.co/SDzsDJgpmj
6,1451627478057955335,Day 41 of asking Insomniac to please add the Captain Universe suit to Spider-Man 2 for either Peter or Miles or both ğŸ™Œ #SpiderManPS5 #SpiderMan2 #InsomniacGames https://t.co/XneJ1QkGzw
7,1451609402738413583,@jaysonfitch hello jayson how are you today I want to present you a new suit for Peter Parker is the fusion of spidey and the CAP I hope you like it and they approve it #Spiderman2 #SpiderManPS5 #insomniacgames ğŸ•·ï¸ğŸ•·ï¸ğŸ•·ï¸ğŸ•·ï¸ğŸ™ğŸ¿ https://t.co/pSwSJWpAHV
8,1451607750228774931,@davecrammond hello david how are you today I want to present you a new suit for Peter Parker is the fusion of spidey and the CAP I hope you like it and they approve itğŸ™ğŸ¿ğŸ™ğŸ¿ğŸ™ğŸ¿ğŸ™ğŸ¿ğŸ’ªğŸ»ğŸ’¯ #SpiderManPS5  #insomniacgames #Spiderman2 https://t.co/wWOHT9rRwm
9,1451607355444105242,@TheRealSixTuber hello my friend how are you today I want to present you a new suit for Peter Parker is the fusion of spidey and the CAP I hope you like it and share it is him 2023 #insomniacgames  #SpiderManPS5 #Spiderman2 https://t.co/Uk7gRnZxvH
10,1451605958719848450,Marvel Friday: Epilogue (Spider-Man 2) https://t.co/PZoeg0hB9o #SpiderMan #spidermanhomecoming #spidermancosplay #spiderman2 #spiderman2099 #spiderman3 #spidermanmovie #spidermanfan #spidermancomics #spidermanhoco #spidermanps4 #spidermancake #spidermanhomecomingmovie #spide
11,1451581627575017474,@BMFEazy hello my friend how are you today I want to present you a new suit for Peter Parker is the fusion of spidey and the CAP I hope you like it and they share it is him 2023 ğŸ•·ï¸ğŸ•·ï¸ğŸ•·ï¸ğŸ•·ï¸ #insomniacgames #SpidermanPS5 #Spiderman2 https://t.co/KnOd9A1Aef
12,1451578375294918666,@DrewMaru29 hello drew how are you today I want to present you a new suit for Peter Parker is the fusion of spidey and the CAP I hope you like it and they approve it is him 2023 #insomniacgames #SpidermanPS5 #Spiderman2 https://t.co/pddLVP1TDC
13,1451577630210334724,I'm going to be so HYPED if there's more information on #Wolverine &amp; #SpiderMan2 ğŸ‘€ https://t.co/KJTkX3t5VA
14,1451552226174963719,@PS5Console I hope they show more of #spiderman2
15,1451502864053018624,Behold my Spider-Man Advanced Suit 2.0 from the upcoming Spider-Man 2 game. Absolutely adore this suit. #spiderman #spiderman2 #PS5 #insomniacgames https://t.co/m0LmBYPXgL
16,1451411985304805378,@brianwyser hello Brian how are you today I want to present you a new suit for Peter Parker is the fusion of spidey and the CAP I hope you like it and they approve itğŸ’ªğŸ»ğŸ•·ï¸ğŸ•·ï¸ğŸ•·ï¸ğŸ•·ï¸ğŸ’¯ #insomniacgames  #SpidermanPS5  #spiderman2 https://t.co/shvMm1RDcU
17,1451344623431979010,@mrpyo1 hello friend how are you i would like you to share with the community my character spartan warrior Peter Parker captain AmericağŸ’ªğŸ»ğŸ’¯ğŸ•·ï¸ğŸ•·ï¸ğŸ•·ï¸ğŸ•·ï¸ #InsomniacGames #SpidermanPS5  #Spiderman2 https://t.co/thSCYk8MqQ
18,1451325149211500546,@DOOSUN_SHIN hello how are you here i send you my final project of my character i hope you like it and you approve itğŸ’ªğŸ»ğŸ’¯ğŸ•·ï¸ğŸ•·ï¸ğŸ•·ï¸ğŸ•·ï¸ #InsomniacGames #SpidermanPS5 #Spiderman2 https://t.co/pfQAYzFLhx
19,1451273094044299274,@bryanintihar @insomniacgames Can we please get an FOV slider that doesn't remove swing motion in #Spiderman2 for accessibility? Please and thank you
20,1451258974674771969,Day 40 of asking Insomniac to please add the Captain Universe suit to Spider-Man 2 for either Peter or Miles or both ğŸ™Œ #SpiderManPS5 #SpiderMan2 #InsomniacGames https://t.co/qb1D5zr5VS
21,1451241951378952193,"my first spiderman game short video âœ¨ğŸ¥°

#shorts #SpiderMan #SpidermanPS4 #PS4 #PS4share #PS5 #PS5share #Marvel #SpiderManRemastered #GamerGram   #spiderman2  @insomniacgames https://t.co/Cp3JBYSY0i"
22,1451206320129036302,"I really hope we get this as a suit for Miles in #SpiderMan2, I think it'd be amazing! https://t.co/efcm801g50"
23,1451200939428175878,@yap_brooke hello brooke how are you today I want to present you a new suit for Peter Parker is the fusion of spidey and the CAP I hope you like it and they approve it is him 2023 #insomniacgames #spiderman2 #Spiderverse ğŸ•·ï¸ğŸ•·ï¸ğŸ•·ï¸ğŸ•·ï¸ğŸ’ªğŸ»ğŸ’¯ https://t.co/7myveqHOnA
24,1450944240649965577,Day 39 of asking Insomniac to please add the Captain Universe suit to Spider-Man 2 for either Peter or Miles or both ğŸ™Œ #SpiderManPS5 #SpiderMan2 #InsomniacGames https://t.co/sfxFe2r4Gv
25,1450924600339087367,@GraczykMatt hello matt how are you today I want to present you a new suit for Peter Parker is the fusion of spidey and the CAP I hope you like it and they approve it is him 2023 #insomniacgames #SpiderManPS5 #spiderman2 https://t.co/vIpcboTJtf
26,1450924204187131909,@AccioAlyssa hello Alyssa how are you today I want to present you a new suit for Peter Parker is the fusion of spidey and the CAP I hope you like it and they approve it is him 2023 ğŸ•·ï¸ğŸ•·ï¸ğŸ•·ï¸ğŸ•·ï¸ğŸ’ªğŸ»ğŸ’¯ #insomniacgames #SpiderManPS5 #spiderman2 https://t.co/yXR9iPs0bt
27,1450921777341861888,@jacinda_chew wish i have a chance to get my spartan warrior character approve the new costume for peter parker #insomniacgames #SpiderManPS5 #spiderman2 https://t.co/kLNUg4VYcZ
28,1450891638620966915,"Grab your web shooters and get ready for a journey to the platinum trophy in Marvel's Spider-Man tonight at 8:00 pm et, only at https://t.co/kFXGJCT51i 

#Spiderman2 #SpiderMan #Marvel"
29,1450886774599860231,"There is less than 2 months until the release of #SpiderManNoWayHome...
Will you watch it on the first day it releases?

#SpiderMan #Spiderman2 #SpiderMan3 #TobeyMaguire #TomHolland #MarvelStudios"
30,1450883022543273989,Check out what I just listed on Mercari. Tap the link to sign up and get up to $30 off. https://t.co/0W9SD5PYtW SPIDER MAN 2 FOR YOUR CONSIDERATION VHS TAPE! #spiderman #vhs #retro #vintage #classic #buy #shop #mercari #share #Spiderman2 #fyc #rare #movie #RetweeetPlease #art
31,1450864364609839104,I was kinda hoping there would be some element of that in #SpiderMan2 seems to be a Peter/Miles game
32,1450864197793845254,"Spiderman!! #Spiderman @TobeyMaguire #Spiderman2
#Marvel #marvelstudio https://t.co/to46MBPp0Z"
33,1450862559603707905,"Remembering #BillNunn October 20,1953_September 24,2016 (Age 62) #Spiderman #Spiderman2 #Spiderman3 #TheJob #Sirens https://t.co/l5xzrtNXu9"
34,1450860996499853319,Check out Spider Man 2 Storybook 48 Album Stickers Packs Panini 2004 Unopened NEW  https://t.co/3G5pm9uP64 via @eBay #spiderman #marvel #marvelcomics #disney #disneyplus #Sony  #spiderman2 #storybook #SamRaimi #stickers #tradingcards #Panini #ebay #ebayfinds
35,1450858993333723136,THWIP! Our friends at @ircbpodcast have a new episode out about the influence of the iconic Spider-Man 2 film! Get your tentacles on this one! #podcast #comics #Spiderman2 https://t.co/RIZyX0K4D9
36,1450844099569930252,@MarvelGamesVP hello friend how are you today I want to present you a new suit for Peter Parker is the fusion of spidey and the CAP I hope you like it and share itğŸ’ªğŸ»ğŸ’¯ #InsomniacGames #Spiderman2 #SpidermanPS5 https://t.co/HwhOyPUS1k
37,1450818822622089223,@unpacklo hello dale how are you today I want to present you a new suit for Peter Parker is the fusion of spidey and the CAP I hope you like it and they approve it is him 2023 #SpidermanPS5 #Spiderman2 #InsomniacGames https://t.co/dtRByKyQ8M
38,1450698473192321028,"Tobey for NWYH. We will see him soon. 

#spiderman1 #spiderman2 #spiderman3 #marvel #tobeymaguire #SpiderManNoWayHome #harryosborn #peterparker #venom #stanlee #normanosborn #greengoblin #sandman #raimi #releasetheraimicut #spectacularspiderman #otto #nowayhome #spiderverse https://t.co/blK9XFJuzn"
39,1450681519245197321,"October Art Challenge Day 20

Spiderman

#SpiderMan #Spiderman2 #art #artph #ArtistOnTwitter https://t.co/1yphSQNLIg"
40,1450621540026966017,@ArtStationHQ new concept art Spartan warrior Peter Parker captain America super soldier ğŸ‡ºğŸ‡¸ğŸ•·ï¸ğŸ‘ŒğŸ¼ğŸ•·ï¸ğŸ•·ï¸ğŸ•·ï¸ğŸ•·ï¸ #insomniacgames #Spiderman2 https://t.co/EmPdrQU9lK
41,1450615422626185216,"Who wants to join ğŸ¥µğŸ˜ˆğŸ©²

https://t.co/uwttyDzVEK

#onlyfans #tuesdayvibe #sellingcontent #Spiderman2 #fitness #abs #Twitter #rt https://t.co/Ar4noSri9J"
42,1450614339472347139,"Spidey got cakes. Want another slice? Hop on my OF. Retweet and follow

https://t.co/uwttyDzVEK

#onlyfans #Spiderman2 #sellingcontent https://t.co/ov7Zm4V2yA"
43,1450568181127516166,@the_Willard hello chris how are you today I want to present you a new suit for Peter Parker is the fusion of spidey and the CAP I hope you like it and they approve it is him 2023 #insomniacgames #SpiderManPS5 #spiderman2 https://t.co/xJGp40C6tA
44,1450565880358727682,"ğŸš¨BREAKING: Marc Webb's The Amazing Spiderman 2 Directors Cut Will Release in 2023 along with the suit in the PS5 Game.ğŸ•·ï¸

#SpiderMan #TobeyMaguire #AndrewGarfield #SpiderMan2 #SpiderManPS5 #SpiderManPS4
#Tasm
Source: https://t.co/ESXNKffdMa https://t.co/ePlVquESkU"
45,1450542621357527040,"ğŸš¨BREAKING: Reports are saying Spider-Man 2 (Video Game) has been postponed because of disc Shortages!
The game will now release in 2024.

#spiderman2 #SpiderManPS4 #SpiderManPS5 #Spiderman #SpiderManNoWayHome https://t.co/2YG1uJqAt8"
46,1450541722975490050,Day 38 of asking Insomniac to please add the Captain Universe suit to Spider-Man 2 for either Peter or Miles or both ğŸ™Œ #SpiderManPS5 #SpiderMan2 #InsomniacGames https://t.co/chozoayjBr
47,1450497613787107339,I can't choose one ğŸ˜­ so here's my top 4... âœ¨ğŸ˜… #spiderman2 #SpiderMan #burnout #katamaridamacy #cityofheroes #coh https://t.co/3fFcM9pWnW https://t.co/HxtuCG1Vg1
48,1450494500460183553,#SpiderMan2  #Original  #Xbox - Complete  #PAL   #VideoGame  Cased Game https://t.co/AfLK1EWCYA
49,1450442243102359553,"ATTENTION!
NO WAY HOME Leaked POST CREDIT SCENE #NoWayHome
#SpiderManNoWayHomeleaks
#SpiderManNoWayHometrailer
@SpiderMan
#Memes
#RestoreTheSnyderVerse
#SpiderManNoWayHome
#SpiderMan3
#spiderman2
https://t.co/iMq3NmNK5Y"
0,1450342721177141254,@CBMshots The greatest Spider-Man film ever made. #SpiderMan2
1,1450258091858173954,"#Spiderman2 ya know, with the full Bruce Campbell VO? - Also one of my favorite video games EVER

Without revealing your age, post your favorite video game that came out the year you turned 12. https://t.co/qrnTpYeDge https://t.co/QBQnFYhter"
2,1450253980819496961,"Happy birthday, @NajJeter. I can't wait for you to return as Miles in #SpiderMan2 for PS5. - Giovanni De La Cruz ğŸ˜"
3,1450231450872262667,Day 37 of asking Insomniac to please add the Captain Universe suit to Spider-Man 2 for either Peter or Miles or both ğŸ™Œ #SpiderManPS5 #SpiderMan2 #InsomniacGames https://t.co/FlgmlqE6f2
4,1450176713380573184,@NetflixUK @netflix where is #spiderman2?? How could you leave this out? Preparing for #SpiderManNoWayHome #TobeyMaguire
5,1450120733972119552,@RaggySays hello Jason how are you today I want to present you a new suit for Peter Parker is the fusion of spidey and the CAP I hope you like it and they approve it for 2023 #SpiderManPS5  #Spiderman2  #insomniacgames ğŸ™ğŸ¼ğŸ™ğŸ¼ğŸ™ğŸ¼ğŸ™ğŸ¼ğŸ•¸ï¸ğŸ•·ï¸ğŸ•·ï¸ğŸ•·ï¸ğŸ•·ï¸ğŸ’¯ https://t.co/3pESDyz5Lk
6,1450120372527960068,@AdamNoonchester hello Adam how are you today I want to present you a new suit for Peter Parker is the fusion of spidey and the CAP I hope you like it and they approve it for 2023 ğŸ•·ï¸ğŸ•·ï¸ğŸ•·ï¸ğŸ•·ï¸ğŸ•¸ï¸ğŸ•¸ï¸ğŸ•¸ï¸ğŸ•¸ï¸ğŸ™ğŸ¼ğŸ™ğŸ¼ğŸ™ğŸ¼ğŸ™ğŸ¼ğŸ’ªğŸ»ğŸ‘ğŸ» #insomniacgames #SpiderManPS5 #Spiderman2 https://t.co/kmjOizrl5C
7,1450119625539264512,@RyanSmithGD hello ryan how are you today I want to present you a new suit for Peter Parker is the fusion of spidey and the CAP I hope you like it and they approve it for 2023ğŸ™ğŸ¼ğŸ™ğŸ¼ğŸ™ğŸ¼ğŸ™ğŸ¼ğŸ•¸ï¸ğŸ•·ï¸ğŸ•·ï¸ğŸ•·ï¸ğŸ•·ï¸ #insomniacgames #SpiderManPS5 #Spiderman2 https://t.co/Cx5BtIKH3M
8,1450116621607919623,@blurayangel Don't forget the games. #SuicideSquadGame #GothamKnights #Spiderman2 #WolverinePS5 https://t.co/6m6XKiqvGk
9,1449943890723758083,Day 36 of asking Insomniac to please add the Captain Universe suit to Spider-Man 2 for either Peter or Miles or both ğŸ™Œ #SpiderManPS5 #SpiderMan2 #InsomniacGames https://t.co/BJ51Xs5Jmk
10,1449715985716584452,"Found some Symbiote Suit leaks. :P #PS5Share, #MarvelsSpiderManRemastered  #MarvelsSpiderMan2 #SpiderMan2 #Venom #SymbioteSuit #VirtualPhotography #TheCapturedCollective #VGPUnite #GamerGram #WorldofVP #VPCommunity #ArtisticofSociety #VPWorld https://t.co/wL1Z9GjJzs"
11,1449714150024925187,OMG!! Ready for #spiderman2 https://t.co/hKStmeSLrT
12,1449606315567947778,"Spiderman 2 Leak!?!?!?!

#Spiderman2 #peterparker #milesmorales #venom #kraventhehunter #mysterio #thelizard #drconners #normanosborn #harryosborn #marvel #leak #NXL #nxlfaithful #Needextralife https://t.co/WODNdES76D"
13,1449543267943596035,"Marvel's Spider-Man 2  (2023)  Game Trailer  PS5 HD
#Spiderman2 #SpiderManPS5 #PS5Share 
https://t.co/KhobYe9UYk"
14,1449536689391783936,@_southernoracle hello jonathan how are you today I want to present you a new suit for Peter Parker is the fusion of spidey and the CAP I hope you like it and they approve itğŸ™ğŸ¼ğŸ™ğŸ¼ğŸ™ğŸ¼ğŸ™ğŸ¼ğŸ™ğŸ¼ğŸŒŸğŸ’ªğŸ»ğŸ’¯ğŸ•·ï¸ğŸ•·ï¸ğŸ•·ï¸ğŸ•·ï¸ #SpiderManPS5  #Spiderman2  #InsomniacGames https://t.co/91WiX5KcPc
15,1449525568047927300,"Game coming out that excite me:

#SuicideSquadGame 
#WolverinePS5 
#spiderman2
#GothamKnights 
#WWE2K22 
#CallofDutyVanguard"
16,1449483708793294850,@yeahmergo Canâ€™t wait for #SpiderManNoWayHome!! Plus the #spiderman2 game trailer now makes sense as to why #Venom is in itâ€¦!
17,1449466843849183239,New #SpiderManNoWayHomeleak shows Tom Hollandâ€™s Peter Parker getting run over by the same train Alfred Molinas Doc Ock fought Tobey Maguireâ€™s Peter Parker in #SpiderMan2 https://t.co/lMvHdJ48bl
18,1449445076510277635,#Spiderman2â€™s Yuri Lowenthal chats about fan love for the video game trailer and Tony Todd: https://t.co/2iHKPPZGBs
19,1449431178507952133,I wish #Venom is playable character in #SpiderMan2 #Marvel . https://t.co/hApcyFFtdK
20,1449383260933529601,Day 35 of asking Insomniac to please add the Captain Universe suit to Spider-Man 2 for either Peter or Miles or both ğŸ™Œ #SpiderManPS5 #SpiderMan2 #InsomniacGames https://t.co/G9vLaDEu6q
